{
    "name": "root",
    "gauges": {
        "LabirythAgent.Policy.Entropy.mean": {
            "value": 1.3499221801757812,
            "min": 1.3499221801757812,
            "max": 1.4425264596939087,
            "count": 2
        },
        "LabirythAgent.Policy.Entropy.sum": {
            "value": 13520.8203125,
            "min": 13520.8203125,
            "max": 14428.1494140625,
            "count": 2
        },
        "LabirythAgent.Step.mean": {
            "value": 19989.0,
            "min": 9981.0,
            "max": 19989.0,
            "count": 2
        },
        "LabirythAgent.Step.sum": {
            "value": 19989.0,
            "min": 9981.0,
            "max": 19989.0,
            "count": 2
        },
        "LabirythAgent.Policy.ExtrinsicValueEstimate.mean": {
            "value": 4.567654132843018,
            "min": 2.459660053253174,
            "max": 4.567654132843018,
            "count": 2
        },
        "LabirythAgent.Policy.ExtrinsicValueEstimate.sum": {
            "value": 908.963134765625,
            "min": 420.60186767578125,
            "max": 908.963134765625,
            "count": 2
        },
        "LabirythAgent.Losses.PolicyLoss.mean": {
            "value": 0.24477828880885727,
            "min": 0.24332686031991588,
            "max": 0.24477828880885727,
            "count": 2
        },
        "LabirythAgent.Losses.PolicyLoss.sum": {
            "value": 19.58226310470858,
            "min": 18.73616824463352,
            "max": 19.58226310470858,
            "count": 2
        },
        "LabirythAgent.Losses.ValueLoss.mean": {
            "value": 0.8175451358203771,
            "min": 0.518189099460623,
            "max": 0.8175451358203771,
            "count": 2
        },
        "LabirythAgent.Losses.ValueLoss.sum": {
            "value": 65.40361086563017,
            "min": 39.90056065846797,
            "max": 65.40361086563017,
            "count": 2
        },
        "LabirythAgent.Policy.LearningRate.mean": {
            "value": 0.00020988415503862503,
            "min": 0.00020988415503862503,
            "max": 0.00026989816587810387,
            "count": 2
        },
        "LabirythAgent.Policy.LearningRate.sum": {
            "value": 0.01679073240309,
            "min": 0.01679073240309,
            "max": 0.020782158772613996,
            "count": 2
        },
        "LabirythAgent.Policy.Epsilon.mean": {
            "value": 0.16996137500000003,
            "min": 0.16996137500000003,
            "max": 0.18996605194805197,
            "count": 2
        },
        "LabirythAgent.Policy.Epsilon.sum": {
            "value": 13.596910000000001,
            "min": 13.596910000000001,
            "max": 14.627386000000001,
            "count": 2
        },
        "LabirythAgent.Policy.Beta.mean": {
            "value": 0.0005000000000000001,
            "min": 0.0005000000000000001,
            "max": 0.0005000000000000001,
            "count": 2
        },
        "LabirythAgent.Policy.Beta.sum": {
            "value": 0.04000000000000001,
            "min": 0.038500000000000006,
            "max": 0.04000000000000001,
            "count": 2
        },
        "LabirythAgent.Environment.EpisodeLength.mean": {
            "value": 121.14634146341463,
            "min": 121.14634146341463,
            "max": 343.8965517241379,
            "count": 2
        },
        "LabirythAgent.Environment.EpisodeLength.sum": {
            "value": 9934.0,
            "min": 9934.0,
            "max": 9973.0,
            "count": 2
        },
        "LabirythAgent.Environment.CumulativeReward.mean": {
            "value": 8.207317073170731,
            "min": 8.207317073170731,
            "max": 8.5,
            "count": 2
        },
        "LabirythAgent.Environment.CumulativeReward.sum": {
            "value": 673.0,
            "min": 238.0,
            "max": 673.0,
            "count": 2
        },
        "LabirythAgent.Policy.ExtrinsicReward.mean": {
            "value": 8.207317073170731,
            "min": 8.207317073170731,
            "max": 8.5,
            "count": 2
        },
        "LabirythAgent.Policy.ExtrinsicReward.sum": {
            "value": 673.0,
            "min": 238.0,
            "max": 673.0,
            "count": 2
        },
        "LabirythAgent.IsTraining.mean": {
            "value": 1.0,
            "min": 1.0,
            "max": 1.0,
            "count": 2
        },
        "LabirythAgent.IsTraining.sum": {
            "value": 1.0,
            "min": 1.0,
            "max": 1.0,
            "count": 2
        }
    },
    "metadata": {
        "timer_format_version": "0.1.0",
        "start_time_seconds": "1685013468",
        "python_version": "3.9.13 (tags/v3.9.13:6de2ca5, May 17 2022, 16:36:42) [MSC v.1929 64 bit (AMD64)]",
        "command_line_arguments": "C:\\Users\\super\\Labirynth AI\\venv\\Scripts\\mlagents-learn --force C:\\Users\\super\\Labirynth AI\\LabirythAgent.yaml --run-id=LabiryntAgent",
        "mlagents_version": "0.30.0",
        "mlagents_envs_version": "0.30.0",
        "communication_protocol_version": "1.5.0",
        "pytorch_version": "1.7.1+cu110",
        "numpy_version": "1.21.2",
        "end_time_seconds": "1685013818"
    },
    "total": 349.9232588,
    "count": 1,
    "self": 0.004892499999982647,
    "children": {
        "run_training.setup": {
            "total": 0.08667519999999995,
            "count": 1,
            "self": 0.08667519999999995
        },
        "TrainerController.start_learning": {
            "total": 349.8316911,
            "count": 1,
            "self": 0.4178911999995307,
            "children": {
                "TrainerController._reset_env": {
                    "total": 10.735301,
                    "count": 1,
                    "self": 10.735301
                },
                "TrainerController.advance": {
                    "total": 338.5801163000005,
                    "count": 25944,
                    "self": 0.4016201000029014,
                    "children": {
                        "env_step": {
                            "total": 258.39526869999844,
                            "count": 25944,
                            "self": 169.5365445000008,
                            "children": {
                                "SubprocessEnvManager._take_step": {
                                    "total": 88.60781319999954,
                                    "count": 25944,
                                    "self": 1.1862840999968256,
                                    "children": {
                                        "TorchPolicy.evaluate": {
                                            "total": 87.42152910000272,
                                            "count": 25784,
                                            "self": 87.42152910000272
                                        }
                                    }
                                },
                                "workers": {
                                    "total": 0.25091099999811384,
                                    "count": 25943,
                                    "self": 0.0,
                                    "children": {
                                        "worker_root": {
                                            "total": 278.66533580000043,
                                            "count": 25943,
                                            "is_parallel": true,
                                            "self": 189.0334494000018,
                                            "children": {
                                                "steps_from_proto": {
                                                    "total": 0.0037922000000012446,
                                                    "count": 1,
                                                    "is_parallel": true,